{"best_test_f1":0.32883203032456765,"f1/test":0.3294853294853295,"_timestamp":1.7441263075294745e+09,"precision/validation":0.31045490822027133,"_wandb":{"runtime":5285},"precision/train":0.41951650943396224,"precision/test":0.2689438555162937,"f1/train":0.480580884836204,"recall/test":0.42520173805090006,"recall/validation":0.3754826254826255,"best_test_precision":0.26590038314176245,"_step":99,"loss/train":0.013200837028212415,"best_test_recall":0.430788330229671,"_runtime":5285.7562067,"recall/train":0.5624505928853755,"f1/validation":0.3398864132809087}