{"_step":99,"recall/validation":0,"_runtime":5347.632866,"precision/test":0,"_timestamp":1.744112200278326e+09,"best_test_f1":0.00041073532431877384,"precision/train":0.20795107033639143,"best_test_recall":0.011793916821849782,"f1/validation":0,"best_test_precision":0.00020900710624161223,"precision/validation":0,"recall/test":0,"loss/train":0.01957922968183105,"_wandb":{"runtime":5347},"f1/test":0,"recall/train":0.026877470355731226,"f1/train":0.04760238011900595}