{"best_test_precision":0.5375394321766561,"recall/validation":0.4357487922705314,"f1/train":0.499359795134443,"best_test_recall":0.5288640595903166,"recall/train":0.4624505928853755,"_timestamp":1.7440695269294899e+09,"_runtime":9858.0958727,"_step":99,"recall/test":0.48851644941030414,"precision/train":0.5426716141001855,"_wandb":{"runtime":9858},"f1/validation":0.4956043956043956,"f1/test":0.5248416138712905,"precision/test":0.5670028818443804,"precision/validation":0.5745222929936306,"best_test_f1":0.5331664580725908,"loss/train":0.012385413035685855}