{"_wandb":{"runtime":5545},"_step":99,"precision/train":0.28164556962025317,"best_test_precision":0,"best_test_f1":0,"f1/validation":0,"f1/train":0.06254392129304287,"recall/test":0,"f1/test":0,"_timestamp":1.7441186846332402e+09,"precision/test":0,"best_test_recall":0,"_runtime":5545.4641388,"recall/validation":0,"precision/validation":0,"loss/train":0.01919882157041316,"recall/train":0.03517786561264822}