{"f1/test":0.3904109589041096,"recall/train":0.4177865612648221,"best_test_f1":0.4566582914572864,"precision/train":0.5206896551724138,"_step":99,"loss/train":0.012052511932698972,"_timestamp":1.7440766039805472e+09,"best_test_recall":0.4512725015518312,"recall/test":0.5307262569832403,"best_test_precision":0.46217418944691674,"recall/validation":0.43822393822393824,"f1/train":0.4635964912280702,"precision/validation":0.3355506282335551,"f1/validation":0.3800753453327752,"_wandb":{"runtime":6356},"precision/test":0.3087757313109426,"_runtime":6356.6378906}